,time,AdrActCnt,AssetEODCompletionTime,NVTAdj,SplyCur,TxCnt,TxCntSec,TxTfrCnt,TxTfrValAdjNtv,TxTfrValMeanNtv,TxTfrValMedNtv,VelCur1yr
0,2020-12-17,0,1635438927,,0.0,0,0.0,0,0.0,,,
1,2020-12-18,4,1635439326,,1.53,2,2.3148148e-05,2,0.0,0.1,0.1,0.13071895424799998
2,2020-12-19,165,1635445740,26.599726000927,2272.456883201821,14,0.000162037037,16,85.43158990143988,5.339474368839993,0.9066108938801491,0.037682382682
3,2020-12-20,96,1635446130,62.574833494525,4161.471433296479,26,0.000300925926,28,66.5039154065119,2.680181601423389,0.975,0.038610543726
4,2020-12-21,38,1635446565,60.037757128817,5570.490082029795,17,0.00019675925899999999,19,92.78311430051892,5.743489709862774,3.426577239515257,0.048434334368
5,2020-12-22,97,1635446994,3.1684488227450003,7528.466874837183,106,0.001226851852,109,2376.0733709168153,22.311263292183163,1.0,0.35886864125100004
6,2020-12-23,38,1635447441,30.562625918364,7703.2655344730065,25,0.000289351852,25,252.0485495928703,10.097913796722656,1.0054951814013342,0.383496909171
7,2020-12-24,46,1635447844,105.01155854266199,9331.067007517393,24,0.000277777778,25,88.85752327660762,3.6340615040419952,0.17980463914743644,0.32633246103
8,2020-12-25,88,1635448191,42.005045499325,11720.51789078873,26,0.000300925926,28,279.02643007438724,10.571667888849056,1.0012831269792613,0.285058799672
9,2020-12-26,91,1635448572,68.181469163747,11984.39633938558,35,0.000405092593,33,175.7720460760879,5.3264256386693285,1.0,0.293448973813
10,2020-12-27,56,1635448929,49.33167931493,15418.09150699731,24,0.000277777778,30,312.5393605307688,20.00469116510144,5.0,0.267020697124
11,2020-12-28,52,1635449313,390.952166470981,15571.580108237311,11,0.000127314815,12,39.82988570903116,4.9987130168878435,1.0,0.268240863784
12,2020-12-29,103,1635449706,115.56315015254,16044.547496843572,50,0.000578703704,59,138.83792087413042,3.7630007372818417,2.0045802758929407,0.274171094142
13,2020-12-30,38,1635450117,110.684861404388,16634.647762043394,22,0.00025462963,22,150.2883732335225,7.558186291292815,2.9708805826066933,0.274441112666
14,2020-12-31,54,1635450483,126.776185918148,16824.47021146851,22,0.00025462963,23,132.7100203371877,8.022713399937714,6.8,0.282312226722
15,2021-01-01,30,1635450871,697.659211337462,16923.449669911326,7,8.1018519e-05,7,24.257473269030434,3.465353324147205,1.0,0.282094443817
16,2021-01-02,26,1635451306,126.91568021001301,17126.174539982414,12,0.000138888889,11,134.9413603712558,12.267396397386891,10.0,0.286634500367
17,2021-01-03,21,1635451701,220.86124951365298,17162.612041320765,11,0.000127314815,11,77.70766523830538,7.246151385300488,6.0,0.290670215914
18,2021-01-04,28,1635452106,38.203519737575,17364.274269181213,20,0.000231481481,20,454.52027426945295,23.986405535189803,9.339354476100006,0.314921785595
19,2021-01-05,98,1635452453,2.098468221211,17808.647609734297,79,0.000914351852,90,8486.49859441779,120.8829626396075,3.6333237311130295,0.917972844105
20,2021-01-06,111,1635452936,17.802367937279,18319.33262657468,70,0.0008101851850000001,79,1029.0390969963948,15.011580533111252,0.2761407668283602,0.957118368638
21,2021-01-07,80,1635453366,19.025551626185997,18921.240560901133,57,0.000659722222,66,994.5173171672104,17.08903082879043,2.061907324858596,0.986280245881
22,2021-01-08,166,1635453791,71.395067919037,20376.951766394497,55,0.0006365740739999999,61,285.4111966039779,6.768308281137506,1.0001052126630996,0.9360827280060001
23,2021-01-09,236,1635454191,10.083251275111001,21742.15427640078,105,0.001215277778,111,2156.264252788092,21.996697154786204,5.0,0.989605064364
24,2021-01-10,211,1635454605,4.681354119664,25406.789476052738,103,0.00119212963,110,5427.230845308449,49.65299758530644,3.002805792527492,1.061841195714
25,2021-01-11,77,1635454983,61.490370462765,26274.62873926297,34,0.000393518519,44,427.29664078334673,14.025439769037254,9.925511130104763,1.050256326747
26,2021-01-12,144,1635455412,10.08486323878,28128.313502496483,83,0.0009606481479999999,93,2789.1616213824122,33.867054902071196,3.110318623720884,1.093017225135
27,2021-01-13,220,1635455838,2.132395008588,47045.357486218854,234,0.002708333333,417,22062.215160302418,54.21506935946402,25.089759446640226,1.134063336871
28,2021-01-14,178,1635456274,3.3409163846069996,63128.11408409473,180,0.002083333333,317,18895.44867837982,65.95163423421543,32.512194120870696,1.176323484786
29,2021-01-15,149,1635456742,9.889558622492,66862.79282309057,112,0.001296296296,131,6760.948124724348,66.5691993313652,5.465893032227996,1.2410437069140001
30,2021-01-16,108,1635457148,8.110691391618,70653.84869376753,81,0.0009375,89,8711.199240891972,162.26874927122202,3.0027444047974963,1.378857185363
31,2021-01-17,121,1635457582,19.378934571821002,71331.74346100286,105,0.001215277778,112,3680.890876463783,34.27732640780779,2.562057147715154,1.419573146392
32,2021-01-18,86,1635458017,6.0367683102620004,71467.76569511642,70,0.0008101851850000001,78,11838.745835852384,154.66922227017378,8.883399841034711,1.585677483232
33,2021-01-19,99,1635458454,12.852451069628,74043.1364978082,76,0.00087962963,87,5761.012906929551,67.79317433049563,2.0,1.610180749298
34,2021-01-20,86,1635458894,25.728320238679,76711.19052521749,67,0.000775462963,73,2981.585654002089,44.37869798607852,2.130343005224444,1.5964095605989999
35,2021-01-21,61,1635459339,123.65570292394,77040.80319662836,35,0.000405092593,39,623.0266892260968,24.637134284052475,1.00358153,1.602051394525
36,2021-01-22,72,1635459771,38.180416975861,77152.10722004726,53,0.000613425926,59,2020.724584250255,38.1037125385554,3.3557,1.628878973815
37,2021-01-23,86,1635460229,6.038231610183001,88808.96121746805,53,0.000613425926,57,14707.776539690269,261.9319285650436,1.3000760855931277,1.583191191936
38,2021-01-24,114,1635460666,10.529948463221999,90206.44114968789,64,0.000740740741,71,8566.655522081033,120.75350974316684,1.5009797622476568,1.65370745653
39,2021-01-25,96,1635461122,23.253003394580997,91349.30463573954,61,0.000706018519,68,3928.494873786068,60.15808887805184,4.00081884,1.6777994644960001
40,2021-01-26,98,1635461571,11.593215909254,95440.0114250783,72,0.000833333333,75,8232.401791887585,114.99563183547328,5.031486659605582,1.6962538496200001
41,2021-01-27,89,1635462045,29.928731633414003,97392.36417764112,72,0.000833333333,73,3254.1427204655497,48.91397829896549,5.000514397899502,1.6989135503639998
42,2021-01-28,82,1635462476,25.120666224932,100295.16821079997,46,0.000532407407,49,3992.5361577893655,83.82034720063142,6.0052128297712155,1.69069365196
43,2021-01-29,49,1635462943,34.488110565039,100413.60590646979,22,0.00025462963,23,2911.542681269981,135.857081882137,9.0,1.71981790257
44,2021-01-30,92,1635463372,45.226268619336004,100706.67810667538,56,0.000648148148,58,2226.7297564234514,45.18437307194525,1.824785049724296,1.740836000489
45,2021-01-31,96,1635463806,17.056289264224,105506.1333025777,119,0.001377314815,137,6185.76125604775,48.17290598210282,7.00879066,1.7241983301159998
46,2021-02-01,101,1635464252,15.756981279697001,108321.51923801386,150,0.001736111111,178,6874.50961039026,41.60457940725552,4.84883758001752,1.7477516501199999
47,2021-02-02,263,1635464697,8.922532227775001,116870.32395167487,450,0.005208333333,532,13098.335872395572,26.362560691935894,5.0,1.739911291458
48,2021-02-03,146,1635465132,11.008963813658,125425.51211833778,197,0.002280092593,246,11393.03518853708,56.65373719337276,5.9946314216160275,1.7323494395980001
49,2021-02-04,85,1635465630,40.097922374252,126724.90444052767,99,0.001145833333,129,3160.385798988482,27.86851989774152,8.3049431406891,1.742955385695
50,2021-02-05,93,1635466030,31.975569159166998,128658.50853816378,118,0.001365740741,149,4023.650303071393,35.706982253390066,5.65452696,1.758112989355
51,2021-02-06,118,1635466328,35.451864063892,131719.56075399235,134,0.001550925926,173,3715.4480936913988,22.871053795365007,4.51,1.747294676972
52,2021-02-07,105,1635466631,24.607384015523,136169.66962789593,116,0.001342592593,153,5533.69141319511,37.924716470496456,5.72388,1.7328041525209998
53,2021-02-08,91,1635466944,60.312484794425,137850.83041282572,97,0.0011226851850000001,122,2285.6101996575035,20.989591024432528,5.065180703681467,1.730247822006
54,2021-02-09,77,1635467259,17.534771898174,144119.57307285807,89,0.001030092593,120,8219.073159877818,75.9889482184572,11.13851874027489,1.718259134341
55,2021-02-10,87,1635467577,16.287227657439,144324.61480095086,108,0.00125,141,8861.214310774907,83.79900589830882,8.14750994771025,1.797686645894
56,2021-02-11,110,1635467912,123.060540287796,144511.602851015,125,0.001446759259,166,1174.313086169236,9.613504804025887,5.126967464541226,1.806403564481
57,2021-02-12,107,1635468303,38.31050041481,144668.85184291468,117,0.0013541666670000001,162,3776.2193204605055,33.925052157822776,6.137049345259785,1.842429310477
58,2021-02-13,96,1635468643,29.43340752231,145887.1445910125,122,0.0014120370370000002,166,4956.515635521701,31.794353994857243,5.326302765373876,1.863221029335
59,2021-02-14,116,1635469007,21.792921790154,163847.08972369495,132,0.001527777778,183,7518.362673045638,47.71554714278095,4.983358833084737,1.712279060384
60,2021-02-15,82,1635469337,162.474770295312,164376.87659712913,85,0.000983796296,108,1011.7070871887352,13.820066057441844,4.961121513088212,1.715840535553
61,2021-02-16,94,1635469765,42.992954119984,164861.54600590904,121,0.001400462963,174,3834.617773550004,34.728205784263594,6.012304901125377,1.747449437173
62,2021-02-17,102,1635470112,75.918129081783,165202.10423535603,128,0.001481481481,178,2176.0560518738644,17.87382046345721,7.506503966388445,1.763105604315
63,2021-02-18,96,1635470439,12.103523044081,177935.16380430938,95,0.001099537037,121,14701.105054806936,126.6812514286361,5.043246238547094,1.723083738423
64,2021-02-19,93,1635470836,40.409501031177,179990.139233017,107,0.001238425926,144,4454.153964785399,47.17456039134236,4.977161487524937,1.741152739125
65,2021-02-20,85,1635471197,74.247629610703,180587.55142415923,90,0.001041666667,127,2432.233222407521,24.150782442505793,3.017711034079733,1.752377009465
66,2021-02-21,119,1635471533,72.47937807900699,180993.43688903275,116,0.001342592593,146,2497.171494652417,19.98209349984829,4.005265758213271,1.7645659668759999
67,2021-02-22,60,1635471969,257.94859022153,181086.02805545967,46,0.000532407407,62,702.0237168186909,22.490469129795933,5.768553075235825,1.771363983698
68,2021-02-23,54,1635472309,35.362038437282,181152.6661704954,61,0.000706018519,82,5122.800442960535,69.82162546041009,5.435102320898341,1.802317615512
69,2021-02-24,67,1635472648,61.502740386104,181421.43127072064,74,0.0008564814810000001,99,2949.8105309094567,35.31760369537966,5.78450987,1.818920079015
70,2021-02-25,87,1635472996,232.21938654410198,181692.17566956533,74,0.0008564814810000001,95,782.4160522233528,18.868565919946118,6.937771508591486,1.8260753202039999
71,2021-02-26,84,1635473348,41.030877669632,182028.85506606087,89,0.001030092593,112,4436.387067605573,41.33269070409117,2.67,1.8481292930239999
72,2021-02-27,105,1635473728,12.703976812715002,182380.35792758845,125,0.001446759259,161,14356.162689548435,90.44270315590589,2.0,1.9244075317070002
73,2021-02-28,105,1635474129,43.418490122073,182751.98219435848,102,0.001180555556,138,4209.081929853898,31.27338609197946,1.2891428200559951,1.944109483497
74,2021-03-01,112,1635474497,146.83608699712798,182990.38447767752,137,0.0015856481479999999,190,1246.2221530137676,10.346467965806994,1.748214269837966,1.952319471022
75,2021-03-02,117,1635474946,69.438600804142,183154.2100343209,152,0.001759259259,217,2637.642577950614,14.037527435313264,3.078939527734772,1.9672047615580002
76,2021-03-03,149,1635475373,42.779356826680996,183242.4572113813,178,0.002060185185,246,4283.431795241395,23.956918745749636,3.701200682185268,1.9984191527619999
77,2021-03-04,143,1635475794,58.165564308612005,183705.49248391963,191,0.002210648148,259,3158.320471356958,13.623133940646063,2.5637017368293322,2.012588860474
78,2021-03-05,89,1635476198,30.271922116070005,183933.6832335813,98,0.001134259259,137,6076.0490373996045,47.21168112692097,3.078072548955934,2.04525686368
79,2021-03-06,96,1635476600,64.198032481697,184033.09940049535,95,0.001099537037,124,2866.6470339720013,24.789101504499857,4.660564270720652,2.060854693626
80,2021-03-07,90,1635477027,36.374081555051,184098.01765086962,96,0.001111111111,123,5061.241680349879,43.571245229422395,4.258209763727471,2.089238899762
81,2021-03-08,129,1635477467,8.604221154903001,184515.76593085058,153,0.001770833333,179,21444.79582857975,125.13485972424317,10.3,2.2059029898199998
82,2021-03-09,113,1635477858,73.777111433248,184989.84804230247,126,0.001458333333,147,2507.415165063449,18.883391978449293,2.3925934703433973,2.215255283971
83,2021-03-10,78,1635478239,60.984150109932,185358.9790001337,99,0.001145833333,127,3039.461543138656,27.000866762686524,3.0906892210226813,2.229343572481
84,2021-03-11,76,1635478599,60.513639212706,185914.4445738181,57,0.000659722222,78,3072.273407988665,47.28539997929249,2.8932701913927614,2.242521341414
85,2021-03-12,55,1635478972,81.03877252337,186221.68507127688,61,0.000706018519,75,2297.9331901599953,31.865942452977126,3.2013399678507537,2.251655359887
86,2021-03-13,58,1635479324,310.462218878815,186572.7292138091,47,0.0005439814809999999,60,600.9514777275862,12.489264599250879,3.009839028791597,2.25143520687
87,2021-03-14,62,1635479661,154.731772225785,186664.97586244033,51,0.000590277778,64,1206.3778057815955,21.731896649582175,4.0337725354176746,2.2577735894599997
88,2021-03-15,48,1635480015,100.61410162334299,186728.04741463962,32,0.00037037037000000006,45,1855.8834636686468,49.15243304943847,4.527853564798255,2.2688563284009997
89,2021-03-16,52,1635480361,537.484639828267,186768.121404883,52,0.000601851852,69,347.4855048221618,7.46769875668544,5.074219683176438,2.271128392202
90,2021-03-17,46,1635480725,87.315210648792,186804.9264533191,38,0.000439814815,58,2139.431664486336,68.89789720733098,5.753870377632449,2.292072642024
91,2021-03-18,51,1635481071,998.752188123729,186962.86768951718,43,0.000497685185,53,187.19645364757446,5.3766218288555425,3.9011957176128695,2.291660518319
92,2021-03-19,43,1635481420,444.187494770783,187147.6135408378,30,0.000347222222,41,421.32571435270347,14.052936623757276,4.560561851658035,2.292476962757
93,2021-03-20,51,1635481774,303.595418383739,187278.66848875213,39,0.00045138888899999997,55,616.8692185335791,12.159301286272374,1.2237790095981531,2.2944436636359997
94,2021-03-21,67,1635482127,208.17205873490798,187434.3574626787,49,0.00056712963,75,900.3819177354757,23.02416649241803,2.871848156131944,2.301750717293
95,2021-03-22,49,1635482479,320.56601982395597,187721.912657082,43,0.000497685185,53,585.5951693201054,12.461996977636336,5.335173238563371,2.3017432885640003
96,2021-03-23,51,1635482832,406.345801499124,187890.69204127902,41,0.000474537037,52,462.3911243775556,17.009385562606155,5.0072572325055935,2.304383127872
97,2021-03-24,54,1635483211,80.348980372636,188135.38866272874,35,0.000405092593,53,2341.47823395156,45.2644901946807,3.2,2.3141375033109997
98,2021-03-25,52,1635483546,99.021617374931,188351.13348798774,30,0.000347222222,43,1902.1213597716105,45.344375708727256,3.2595092185419534,2.3218387840909998
99,2021-03-26,56,1635483883,349.71547403815697,188625.51593398282,46,0.000532407407,60,539.3685150843572,12.247715114469793,5.8407766331693045,2.3223572245660002
100,2021-03-27,56,1635484218,346.230369120516,188752.42351986602,51,0.000590277778,80,545.1642615849358,12.752744558763753,4.267527255110676,2.326200856358
101,2021-03-28,45,1635484560,96.493042286797,188864.529556148,38,0.000439814815,56,1957.2865056405185,47.307652140091456,4.201712661706379,2.338847208576
102,2021-03-29,60,1635484927,234.78376552906502,188949.51876760498,48,0.000555555556,66,804.7810219834555,17.071898182471333,2.719596788541192,2.343758406583
103,2021-03-30,48,1635485255,100.12142600112499,189377.12242376403,51,0.000590277778,84,1891.4744824113525,24.17070179946973,5.643089855052965,2.349187464086
104,2021-03-31,48,1635485594,289.646858377973,189785.85076294353,48,0.000555555556,76,655.2318634690099,11.274131903160532,7.20511336862022,2.348642926832
105,2021-04-01,40,1635485968,63.741304033038,190418.33991846227,25,0.000289351852,33,2987.3618497005746,93.99852289228583,6.1112629909013725,2.357131920459
106,2021-04-02,53,1635486320,309.175796328139,190595.493987648,37,0.000428240741,48,616.4631780728465,15.267091783111116,5.323054551355122,2.358785920182
107,2021-04-03,68,1635486708,240.679005640316,190684.29106723086,79,0.000914351852,120,792.2763789052707,8.514416448292222,6.408250337091019,2.363045718764
108,2021-04-04,78,1635487046,225.052611551824,190905.5601470694,64,0.000740740741,89,848.2708057938205,11.897757165749162,5.357386876074309,2.365853554406
109,2021-04-05,54,1635487384,56.85119652459699,193256.5255136412,59,0.00068287037,74,3399.3396327204437,48.59059981901225,4.712974260958687,2.355678811913
110,2021-04-06,51,1635487741,199.200342088878,193376.15804423622,53,0.000613425926,74,970.7621785004593,27.05614706690648,7.462988305178365,2.364575146822
111,2021-04-07,57,1635488094,15.321672020963,194037.04478357753,42,0.000486111111,51,12664.221275464795,250.86893873712,8.031337900708207,2.422458936639
112,2021-04-08,58,1635488420,674.408345154423,194226.51950356443,35,0.000405092593,47,287.99542724977886,7.705891736437469,6.560814189779182,2.4219604577630003
113,2021-04-09,65,1635488753,99.21120883656,194428.5533782848,59,0.00068287037,86,1959.7438198599639,25.09448773538144,4.479129635772418,2.430543599799
114,2021-04-10,78,1635489109,8.310544439512,205775.20462847681,76,0.00087962963,94,24760.73693200268,268.1520972495637,8.855225255889685,2.419015323406
115,2021-04-11,64,1635489444,309.090173449062,205936.58223996076,63,0.000729166667,91,666.2669988565627,9.873261820511408,3.010721854251122,2.421482548534
116,2021-04-12,60,1635489810,13.404237656666,222108.5419609372,59,0.00068287037,76,16570.0241707134,219.12260163167767,8.219386682161858,2.320150108471
117,2021-04-13,60,1635490161,32.789698744826005,226897.9117902336,43,0.000497685185,46,6919.792510324169,151.65787492357182,5.191875540774907,2.3019225511970003
118,2021-04-14,54,1635490504,667.479068565783,227170.49989554798,36,0.000416666667,58,340.34100931984426,7.936605031333245,5.745293128502417,2.3011867443250003
119,2021-04-15,78,1635490905,570.3861960576901,227377.50417481558,62,0.0007175925930000001,96,398.6378102176548,5.3747185873226675,4.041390793649613,2.301360980914
120,2021-04-16,48,1635491282,1195.345176778609,227494.25026072853,29,0.00033564814800000003,36,190.31678437337516,6.292290369060024,4.9841944073397375,2.301175690809
121,2021-04-17,48,1635491629,1666.457089297605,227597.21042842744,23,0.000266203704,30,136.57550013745464,7.051484283634623,4.850507084181771,2.301064156461
122,2021-04-18,58,1635491961,478.907887433174,227805.97888930718,36,0.000416666667,45,475.6780685118589,14.932005597845004,4.906353264445227,2.301905006339
123,2021-04-19,31,1635492316,919.053970897994,250628.6108056659,14,0.000162037037,18,272.7028213161197,17.305379384181702,8.134625924578279,2.0935328110449998
124,2021-04-20,32,1635492665,589.594705482904,250698.0106953752,15,0.000173611111,22,425.2039720913747,21.551509554512783,7.525908980215263,2.0948445177590003
125,2021-04-21,46,1635493374,176.407494129399,250928.56701975202,25,0.000289351852,35,1422.4371150337342,44.847189859691966,4.0,2.099175120711
126,2021-04-22,68,1635493692,215.705602355877,251111.15118485375,33,0.000381944444,48,1164.138290532497,26.684600861925606,4.940943547345413,2.102749572504
127,2021-04-23,72,1635494032,906.771414560285,251393.28324186936,36,0.000416666667,50,277.2399738293206,9.047711804820548,4.250845546575567,2.102189225504
128,2021-04-24,97,1635494329,359.635160825636,251784.64696232133,74,0.0008564814810000001,99,700.1113194390781,8.756102796107692,3.693440281719602,2.1023645085519997
129,2021-04-25,114,1635494646,305.780447832936,252108.59714783498,81,0.0009375,112,824.4758581999828,17.16271738085781,2.01900949978281,2.107287636871
130,2021-04-26,122,1635494942,890.197500665602,252254.5196397488,76,0.00087962963,105,283.36916184457687,3.448567640642044,1.466868164890472,2.10750408072
131,2021-04-27,101,1635495241,372.22197798923503,252564.66346043805,111,0.001284722222,180,678.5323769026407,4.936554137717416,4.0517540033736275,2.10843433903
132,2021-04-28,114,1635495547,73.059012577028,255666.00941574402,116,0.001342592593,203,3499.4451799658227,21.465920660220107,4.452906153382293,2.0999021042590003
133,2021-04-29,149,1635495770,135.415257532081,256214.65864213544,108,0.00125,139,1892.0663986584866,16.481656172837507,4.019092686928421,2.104346973062
134,2021-04-30,150,1635496064,167.861185534159,257005.98537338182,167,0.0019328703699999998,262,1531.062613167841,8.459591328868717,3.5144066685046345,2.1064916192879997
135,2021-05-01,167,1635496358,332.060666591503,257988.94114486847,109,0.001261574074,146,776.9331543932714,7.0893902673511375,2.646841311389309,2.102477737487
136,2021-05-02,138,1635496596,306.457696314688,258317.7841902443,126,0.001458333333,190,842.9149840145941,5.6070576527035785,2.0003940995478438,2.103925395352
137,2021-05-03,154,1635496876,174.628870059996,259413.1131140536,117,0.0013541666670000001,170,1485.5110327686843,13.80268762718129,3.070051985,2.1040871703560002
138,2021-05-04,148,1635497172,198.74964556404498,259980.36040029538,123,0.0014236111110000002,186,1308.0796177647474,8.712150130390954,3.235808082950836,2.105729302809
139,2021-05-05,148,1635497454,21.972764848737,272809.8663731574,107,0.001238425926,130,12415.81877616276,98.19020337902872,3.380909595,2.053492408236
140,2021-05-06,110,1635497746,128.23824191437,275159.74459364277,86,0.00099537037,110,2145.6918036772395,20.93065496393764,4.60029777,2.044322880027
141,2021-05-07,120,1635498071,5.612822577924,308990.1537915279,159,0.0018402777780000001,190,55050.76091427327,290.9102926825524,4.139759010497685,1.999378651922
142,2021-05-08,151,1635498404,17.768801517577,332648.7612636113,177,0.002048611111,238,18720.94530036587,80.21608796650898,5.669397916253883,1.914571224199
143,2021-05-09,114,1635498681,282.236578212672,333873.9484476326,80,0.0009259259260000001,96,1182.9577532507185,13.872467632353677,4.168792937474219,1.911534295925
144,2021-05-10,80,1635498995,126.15957065843,335553.0270640445,47,0.0005439814809999999,62,2659.750864027072,46.83377328629436,7.521865761447457,1.9106225997330002
145,2021-05-11,55,1635499282,674.992662660458,335966.2309219679,37,0.000428240741,52,497.7331599395013,14.50267874336934,10.22094512870799,1.9105174185229998
146,2021-05-12,82,1635499598,20.408580395792,336743.4065220185,54,0.000625,73,16500.08966774797,240.88698456777604,7.997869365262519,1.958328131489
147,2021-05-13,112,1635499919,21.358702361767,339696.9977932447,74,0.0008564814810000001,100,15904.38370456961,162.67974293310044,9.129450736669874,1.9891905573739999
148,2021-05-14,107,1635500242,165.767271856008,341461.15668122214,65,0.0007523148149999999,80,2059.882827641807,34.48899083064124,5.220136096305111,1.98699373668
149,2021-05-15,115,1635500569,194.02108799216302,344579.2411180216,83,0.0009606481479999999,100,1775.9886035271616,18.730812767224936,2.5678318048975672,1.974449356596
150,2021-05-16,129,1635500906,287.89083582208804,346799.12775890087,83,0.0009606481479999999,123,1204.6202400593863,13.848504992982866,4.056857102501357,1.966722440865
151,2021-05-17,119,1635501212,225.368879165489,349209.28582447325,81,0.0009375,112,1549.5009209681016,16.4106985850345,5.0024471858371395,1.958411912395
152,2021-05-18,152,1635501549,128.068393533748,350676.9474263527,99,0.001145833333,144,2738.200564169198,20.435499215269168,4.0333483215646275,1.9586070376320002
153,2021-05-19,92,1635501900,88.216255829699,351602.9115447965,104,0.001203703704,143,3985.692979574705,36.70076381602889,8.45064651,1.9683754703549998
154,2021-05-20,127,1635502215,206.337853002044,352446.89444061316,110,0.0012731481479999998,163,1708.1058531568726,16.084641118801446,5.56312555,1.971100763975
155,2021-05-21,128,1635502536,225.825271566863,353806.0959942483,111,0.001284722222,150,1566.7249884807156,12.107978311148662,4.957516679235055,1.968661782613
156,2021-05-22,147,1635502913,7.852546619578001,411229.24287558766,75,0.0008680555560000001,107,52368.901809550094,492.1393597599487,3.977268183367237,1.821814630435
157,2021-05-23,126,1635503289,264.28447700708597,412279.4696569605,111,0.001284722222,154,1559.9836748864645,13.108606423308148,4.439147166818891,1.822070298935
158,2021-05-24,193,1635503665,256.312043541814,416072.28966890316,150,0.001736111111,223,1623.303704029911,8.99471809068265,4.937615714988634,1.810281572119
159,2021-05-25,219,1635504029,132.160620132592,421911.85606262204,158,0.001828703704,206,3192.4173451920283,17.32086908707647,4.429938455693401,1.793682938307
160,2021-05-26,201,1635504435,155.879493946153,423153.4021197688,133,0.001539351852,193,2714.618782801172,19.132805413984094,3.3891528536690663,1.797146673817
161,2021-05-27,191,1635504831,23.595639576511,441627.7280462294,115,0.001331018519,166,18716.497453447228,130.37291041839384,3.4332273584300435,1.7709726599900002
162,2021-05-28,149,1635505230,63.319717996346995,442074.7120092235,130,0.0015046296300000003,172,6981.62793515169,42.65352260056154,3.4607297281366245,1.78577741885
163,2021-05-29,168,1635505671,60.18340564089001,443189.48368811875,103,0.00119212963,147,7363.981465798059,58.795021487059095,3.03265111,1.800787102771
164,2021-05-30,166,1635506102,331.026963360742,443665.2723426174,125,0.001446759259,167,1340.2692875478112,12.6595932013324,2.0357101523634817,1.803621126685
165,2021-05-31,184,1635506507,44.160625961487,450937.8717696503,125,0.001446759259,165,10211.310685743361,119.77518639735965,3.0055835184450364,1.818359058891
166,2021-06-01,215,1635506915,23.92176277145,453338.95703716925,141,0.0016319444440000002,188,18950.90095861239,151.72830587329497,2.1335170966104027,1.871650058885
167,2021-06-02,206,1635507331,71.92377415746701,454964.8132713991,131,0.001516203704,171,6325.652659374015,57.96943233624122,2.1124566807526874,1.8867495540819998
168,2021-06-03,172,1635507758,312.56784954123503,456666.4278570062,105,0.001215277778,136,1461.0153556332464,11.74058450047828,2.9871174432615404,1.8832156812810001
169,2021-06-04,196,1635508184,279.154291840452,458312.29762642237,140,0.00162037037,204,1641.7884697555246,9.199928742695036,2.0,1.880547757462
170,2021-06-05,170,1635508597,582.820321868833,459396.22592636704,116,0.001342592593,148,788.2295944199367,7.484152652272114,1.9333998895629971,1.878521784481
171,2021-06-06,209,1635514770,294.28531402582996,460440.9430462741,122,0.0014120370370000002,154,1564.6072743061175,12.33979210694124,2.4079897311758427,1.878386705521
172,2021-06-07,191,1635514977,299.22004529217,462461.0277184451,120,0.001388888889,154,1545.5549686414918,12.63335388308956,2.000912361154204,1.874388609285
173,2021-06-08,156,1635515195,247.799190430158,464269.3286291664,110,0.0012731481479999998,157,1873.570804744097,12.851515422312398,2.262290496343272,1.8714339219440002
174,2021-06-09,201,1635515398,67.21633391495,469056.24946578394,152,0.001759259259,195,6978.307535476208,39.80067567626797,1.90645399,1.8688814044589999
175,2021-06-10,184,1635515614,123.377271218222,472916.6598550961,134,0.001550925926,159,3833.093852583522,25.305437833651013,1.8987802433545455,1.862133736539
176,2021-06-11,180,1635515823,36.31686013467,486303.6635299092,130,0.0015046296300000003,173,13390.57566448752,79.17942907361818,2.89056,1.839040449799
177,2021-06-12,212,1635516051,51.189545808955,495137.56476803706,122,0.0014120370370000002,150,9672.630552651231,66.9004828468881,1.3058769534864971,1.826496805929
178,2021-06-13,199,1635516275,418.396281271122,496112.8190183087,127,0.001469907407,162,1185.748634072648,9.039653555715635,0.7185355596611288,1.82585809053
179,2021-06-14,203,1635516505,131.123877333871,498851.66648103396,121,0.001400462963,151,3804.43041057156,25.874348735436495,1.1,1.823665614864
180,2021-06-15,216,1635516748,209.115719049647,501309.75359173963,152,0.001759259259,203,2397.2839338429744,13.335857303133647,1.291,1.8201237928729999
181,2021-06-16,220,1635516985,16.897153480078,518948.8128161271,158,0.001828703704,229,30712.20329672538,187.1954523571254,2.8329929833244765,1.84086280787
182,2021-06-17,184,1635517252,41.747308363132,521485.88770474255,139,0.001608796296,204,12491.48527537842,102.98942374840983,1.5907761638183526,1.872195267725
183,2021-06-18,161,1635517526,184.66577461784698,523885.47448894015,121,0.001400462963,190,2836.938656191626,25.190763512793602,1.3842721100239337,1.872755981965
184,2021-06-19,162,1635517783,366.26883397808194,530958.880872623,98,0.001134259259,134,1449.6425347082516,11.62527369573414,1.684599716400674,1.850741137004
185,2021-06-20,184,1635518044,149.613454090334,532343.8741307049,180,0.002083333333,226,3558.1283606304787,16.478612012269817,1.0509605720013488,1.8529218746329998
186,2021-06-21,136,1635518288,323.090039343506,534519.6170400057,97,0.0011226851850000001,138,1654.398316104416,18.77172296019846,2.9314847081159208,1.850226026219
187,2021-06-22,154,1635518538,49.938702175162,536628.1919906477,121,0.001400462963,169,10745.73764669335,115.91019611470807,3.1739696540906595,1.8794594566010001
188,2021-06-23,212,1635518785,187.220271731418,537229.9341376729,179,0.002071759259,240,2869.507287695699,12.754250322336594,2.0,1.883052089822
189,2021-06-24,143,1635519032,73.026987257665,537897.5916885766,116,0.001342592593,168,7365.737132091795,51.06262964107314,1.0871141504851731,1.896663022361
190,2021-06-25,152,1635519284,275.188875896287,538448.6312450233,88,0.001018518519,137,1956.6511527448272,26.18308429612667,1.99,1.901383892747
191,2021-06-26,140,1635519543,466.725949682587,539412.5678071409,108,0.00125,149,1155.7372547508585,8.081873469459671,0.4718306164803464,1.9002185244499998
192,2021-06-27,148,1635519802,153.58962545420098,539754.9673181913,106,0.001226851852,166,3514.267097937177,23.081899558485958,0.5364295157918277,1.906111867958
193,2021-06-28,156,1635520057,252.329496387551,540782.208058976,98,0.001134259259,134,2143.1589084947595,76.46860381949246,1.4418657429591235,1.9214392160499998
194,2021-06-29,148,1635520316,40.644358988802,554845.0314192312,88,0.001018518519,117,13651.218649360377,117.55109865143166,1.4690994931292571,1.8975273469710001
195,2021-06-30,145,1635520577,1128.071586811754,555802.6347731977,69,0.000798611111,100,492.7015636871517,5.7875022391386235,1.00465,1.8952993468669999
196,2021-07-01,162,1635520833,22.887880970976,582409.730338639,110,0.0012731481479999998,139,25446.205836057397,183.37623007535,1.5751214157554148,1.8524787798890001
197,2021-07-02,177,1635521103,428.25000638681604,585370.0655687945,106,0.001226851852,164,1366.8886324313562,10.05545982250453,1.44365625,1.8459276031040002
198,2021-07-03,187,1635521353,189.52247500050203,586802.837537665,108,0.00125,150,3096.217678331349,21.81225432802076,1.0,1.846996181479
199,2021-07-04,188,1635521608,324.65398213359697,598184.7678067966,103,0.00119212963,139,1842.5302036204168,14.492950471791389,1.0,1.815220277691
200,2021-07-05,147,1635521865,441.76696498758497,602679.2352940645,100,0.001157407407,127,1364.2469515822704,12.197798789255037,1.0,1.804253700967
201,2021-07-06,112,1635522114,901.790884380076,604947.4967691422,75,0.0008680555560000001,100,670.8290217249257,7.5424257900780765,2.0996216280271973,1.7987354095449999
202,2021-07-07,149,1635522368,1345.113554203072,606249.5108859717,86,0.00099537037,130,450.70507913003036,4.869502538438812,2.0,1.795916531286
203,2021-07-08,144,1635522622,43.92069832565699,615181.2846187892,87,0.001006944444,119,14006.637145371196,120.67089305093909,2.4827978078006003,1.793184192267
204,2021-07-09,143,1635522884,103.26942050519001,633359.182588988,99,0.001145833333,132,6133.075788463,47.0910808715695,1.0184067313594505,1.751532792337
205,2021-07-10,186,1635523141,86.21867112409299,635663.1133631032,103,0.00119212963,124,7372.685116524312,62.751634303068315,1.2730613777438322,1.757425524309
206,2021-07-11,158,1635523404,73.341285855744,636327.1026394992,101,0.001168981481,130,8676.246880796434,130.83585190335037,1.3252716669548603,1.7823211306400002
207,2021-07-12,135,1635523666,479.17915296948405,636885.8134453841,91,0.001053240741,134,1329.118367313327,10.790881314332225,1.3011085975410377,1.7830279700940002
208,2021-07-13,146,1635523933,463.078532468892,637959.2540816149,110,0.0012731481479999998,156,1377.648086341533,11.212428546207796,2.0,1.78276959023
209,2021-07-14,126,1635524210,375.79503218821503,639375.9924547889,88,0.001018518519,136,1701.3955419574595,15.573196129300522,1.5383744384617142,1.782131838078
210,2021-07-15,132,1635524477,209.815797301949,640108.3268238986,86,0.00099537037,113,3050.8109258461145,44.97592324097986,3.82050645,1.788032656381
211,2021-07-16,113,1635524749,208.51158480540002,642953.6028486072,64,0.000740740741,93,3083.5389959203717,37.533562670890916,2.397484705519364,1.7855490788519999
212,2021-07-17,142,1635525018,462.089052303383,643621.0438423719,88,0.001018518519,117,1392.8506651133655,23.11305533762949,2.087701961795976,1.7878990312610001
213,2021-07-18,158,1635525288,81.914353191667,644507.4991141962,93,0.001076388889,129,7868.065534328814,76.29443806969171,1.0003798815032634,1.800710503588
214,2021-07-19,155,1635525562,77.065924058715,648720.0347885137,116,0.001342592593,165,8417.728622760245,53.08065569922167,1.0928852048017372,1.8025182956889998
215,2021-07-20,194,1635525826,74.07870751799,652038.452031465,119,0.001377314815,188,8801.968526153354,49.266305804611356,2.6224458795293786,1.8075495291819998
216,2021-07-21,172,1635526101,77.514461098056,656407.3416875944,143,0.001655092593,202,8468.192030094055,78.01173503688189,3.0002317,1.8195259126519998
217,2021-07-22,158,1635526372,234.159237340251,663993.3537142571,103,0.00119212963,153,2835.648771564048,33.752195383160824,2.437640669778424,1.8065154517570001
218,2021-07-23,156,1635526642,197.41426274404301,664796.4026904986,104,0.001203703704,154,3367.519618136404,31.09868633906727,3.521932941372261,1.811537255874
219,2021-07-24,159,1635526919,227.90241339045502,665555.7830359489,99,0.001145833333,137,2920.354256607556,25.27107639371224,1.7358795699891305,1.814672217259
220,2021-07-25,141,1635527196,1224.864914711871,666394.3897558297,87,0.001006944444,115,544.0554152149814,7.332118414018224,1.3,1.8136538973140002
221,2021-07-26,149,1635527478,469.764619153997,667142.849333086,68,0.0007870370369999999,95,1420.1641037474246,19.5355595324256,1.0119313528614118,1.814401010959
222,2021-07-27,154,1635527752,48.55364680415,672840.5281788746,97,0.0011226851850000001,131,13857.672337011165,107.25922079972409,1.571760998872126,1.8199195305959999
223,2021-07-28,138,1635528035,1027.869476571335,675652.708907144,66,0.000763888889,96,657.333177322202,7.4399775752616195,0.9954451675972,1.8134018259740001
224,2021-07-29,154,1635528319,1059.007898443325,676863.8932101243,88,0.001018518519,130,639.1490509231062,6.660510911047405,1.4940011340083752,1.811436146579
225,2021-07-30,156,1635528601,820.185360971296,685795.7732111563,126,0.001458333333,169,836.1472977267114,6.031409750570969,3.826224900241325,1.789330116423
226,2021-07-31,194,1635528892,48.970371416105,688262.9315399039,161,0.0018634259260000001,226,14054.680649482632,69.57446971336563,3.445213153829449,1.805761728439
227,2021-08-01,175,1635529187,199.744180572802,695697.9772689283,166,0.0019212962959999998,249,3482.9449112053694,17.79110830576695,5.0,1.792830923186
228,2021-08-02,210,1635529485,250.43463712441002,697273.9857290633,141,0.0016319444440000002,203,2784.2553799084694,16.215587596033323,3.110834603441959,1.7934995951700001
229,2021-08-03,185,1635529785,25.218979931042,724234.2761201235,195,0.0022569444440000003,272,28717.825943017597,113.71827544632735,4.341364053239022,1.769443982843
230,2021-08-04,202,1635530085,156.173327046551,728586.1177412157,163,0.001886574074,252,4665.240419217309,20.98476162244313,4.18,1.766133214242
231,2021-08-05,171,1635530390,14.152100293043,735770.8198999532,129,0.001493055556,197,51990.22086224608,267.91284068831806,4.856517271311301,1.820619866083
232,2021-08-06,202,1635530694,28.331690190801,738422.0302623716,184,0.00212962963,295,26063.46551474504,162.17171839846662,5.677234228769912,1.878870851169
233,2021-08-07,226,1635531004,48.058835352275,745844.9322699574,177,0.002048611111,252,15519.413377433133,109.24987367565761,5.082208958279559,1.897084146407
234,2021-08-08,249,1635531316,329.971372903437,747194.9616867155,157,0.00181712963,230,2264.423592604732,12.970521169843137,3.0086439005862413,1.897649059833
235,2021-08-09,218,1635531635,307.691837082054,749952.5814352904,141,0.0016319444440000002,199,2437.349617550291,16.168196004478002,4.006770035274833,1.894961525223
236,2021-08-10,257,1635531948,121.306182457632,754012.835640198,145,0.001678240741,201,6215.782414087164,31.857547546497944,2.613961976123078,1.893249805763
237,2021-08-11,229,1635532263,116.276617837667,755865.5601648819,128,0.001481481481,191,6500.580892541462,38.00563313746266,4.5,1.898212865043
238,2021-08-12,313,1635532580,65.513212938489,759393.3879485169,162,0.001875,228,11591.453905054525,83.46153425898963,2.0188638143384505,1.914453013985
239,2021-08-13,1002,1635532899,11.619374754764,766442.079612789,278,0.003217592593,329,65962.4201636613,257.254738523963,3.5010642676840305,2.007274665961
240,2021-08-14,1320,1635533226,65.290638480683,781347.4642615587,544,0.0062962962959999995,616,11967.220453706008,21.788714634239664,2.5889156422304147,1.986160688465
241,2021-08-15,954,1635533549,38.371143121848995,806850.8255209243,396,0.004583333333,450,21027.542050512868,49.634080170405156,2.0,1.9510632000760002
242,2021-08-16,965,1635533880,40.040442043173,822806.6239738971,474,0.005486111111,574,20549.38911730069,54.67244975020553,4.158587669236694,1.9513685147870001
243,2021-08-17,963,1635534216,86.116681822735,837917.647976878,389,0.004502314815,463,9730.02710092415,24.3188686043768,2.06549976059732,1.929615135627
244,2021-08-18,924,1635534545,65.889957630888,850613.7301557746,527,0.006099537037,672,12909.611126491729,23.991361220885036,3.59737105,1.919767707472
245,2021-08-19,854,1635534882,20.770114827316,884536.3222812903,492,0.005694444444000001,607,42586.973140753566,85.55357447879732,3.0,1.9048531393810002
246,2021-08-20,822,1635535215,101.94325097712601,896375.333212114,409,0.004733796296,547,8792.885498749136,17.735797580996774,3.4642480832596134,1.8905175197069999
247,2021-08-21,785,1635535556,49.838010783576,926246.2513844994,380,0.004398148148,469,18585.13686284074,48.63166591813524,2.0,1.85417379063
248,2021-08-22,804,1635535902,55.422682356733,946227.1217079615,350,0.004050925926,435,17072.921797929088,43.920937027657466,2.0,1.8352117485900004
249,2021-08-23,678,1635536247,31.879689857088,978301.9695587025,290,0.003356481481,387,30687.311386788475,85.06953658439251,2.690875,1.808694141799
250,2021-08-24,515,1635536594,84.380330647156,985658.2913013523,264,0.003055555556,339,11681.138053641509,35.70020555503067,3.0,1.807473671816
251,2021-08-25,456,1635536946,66.637787072057,1002480.1953299864,222,0.002569444444,303,15043.719777878823,55.050821677546026,4.79366572,1.793782877986
252,2021-08-26,527,1635537331,81.3202415917,1010846.5491554886,250,0.002893518519,324,12430.442032265944,46.06373298436462,2.491355238707108,1.793700993395
253,2021-08-27,426,1635537693,22.920727292645,1045320.770721115,195,0.0022569444440000003,257,45605.91631211196,269.64108353195644,4.0,1.8008388148249999
254,2021-08-28,471,1635538059,15.195087843127,1118799.5740444025,224,0.002592592593,314,73629.02969662244,238.4587115908605,3.0028126640297716,1.7494914180400003
255,2021-08-29,483,1635538464,148.495352958128,1131770.984707537,185,0.002141203704,248,7621.591936460562,34.0264623946424,3.0928130386078703,1.7368962824919998
256,2021-08-30,381,1635538877,58.039862890591,1137459.4950409827,173,0.002002314815,249,19597.901138828976,83.8206325271384,4.335268050785694,1.746559031009
257,2021-08-31,404,1635539279,79.304774672662,1152408.5402477677,174,0.002013888889,238,14531.38912511179,63.56288849841306,4.006837934265294,1.737029925605
258,2021-09-01,434,1635539686,39.826192845625,1157570.114363181,196,0.0022685185190000003,273,29065.547863191,113.44364972060639,4.895099,1.7560389751640002
259,2021-09-02,425,1635540083,119.876390495167,1166885.3710815255,207,0.002395833333,270,9734.071623791298,43.551552142769104,2.780723669308089,1.752097684188
260,2021-09-03,335,1635540495,314.96727861587397,1176584.0016177455,141,0.0016319444440000002,189,3735.575348614787,22.450945380728783,4.5,1.741261467303
261,2021-09-04,329,1635540918,65.05173115662599,1178470.1120760748,151,0.001747685185,195,18115.89163151804,98.28840561696684,3.5704858370930426,1.7547382856529998
262,2021-09-05,392,1635541348,769.153024395574,1181396.1730371504,181,0.002094907407,232,1535.970262829729,8.901388753501015,2.0,1.752140216458
263,2021-09-06,332,1635541779,149.466425545884,1187613.348460032,177,0.002048611111,257,7945.686425045709,49.08461905875255,5.022658118478333,1.753589664639
264,2021-09-07,301,1635542192,124.24017928068899,1239756.6167349287,186,0.002152777778,260,9978.709173736928,61.723991456491646,4.307830971495694,1.692779617303
265,2021-09-08,324,1635542590,89.01479797544201,1245483.0277521245,201,0.002326388889,290,13991.864904257143,54.24218406122013,6.875635188957938,1.697626477029
266,2021-09-09,319,1635542999,40.54020076182,1249864.6640464033,219,0.002534722222,327,30830.253441258268,110.52433339628818,5.0672093164688246,1.7205914236039999
267,2021-09-10,346,1635543406,52.90724207828,1254506.782694216,236,0.002731481481,349,23711.43785642945,94.00833849964492,5.647495981901784,1.740377462983
268,2021-09-11,453,1635543815,16.110829388949,1267987.6295197573,312,0.0036111111109999997,423,78704.05668807575,306.5406128245709,3.0523,1.824136101281
269,2021-09-12,447,1635544242,116.85714972748899,1272026.1865024786,256,0.002962962963,324,10885.309024470042,52.89909611301239,3.0,1.831818670756
270,2021-09-13,346,1635544652,119.149035862768,1273948.2364498768,241,0.002789351852,313,10692.056609817404,57.94617358806725,2.4172115092316866,1.843291904075
271,2021-09-14,386,1635545076,117.53905855361799,1281888.377151764,248,0.00287037037,337,10906.062996642066,53.9854087731571,4.0,1.8460667835
272,2021-09-15,345,1635545507,217.162813126738,1284374.1452429616,224,0.002592592593,324,5914.337389308864,32.39329944701386,4.0,1.850665548695
273,2021-09-16,327,1635545928,55.642747291469995,1285927.9271608829,204,0.002361111111,284,23110.431992598773,123.94799637012527,4.58596011254704,1.8758035829660002
274,2021-09-17,321,1635546360,156.821478140263,1290952.1221220759,213,0.002465277778,287,8231.985423370612,47.397639645019815,4.49999999,1.8790405114289999
275,2021-09-18,361,1635546788,272.84642477646304,1294205.7344517712,198,0.002291666667,261,4743.348700691555,29.36194690381154,2.6294669996652877,1.8802380016929998
276,2021-09-19,378,1635547216,748.046295348381,1297012.4142713652,201,0.002326388889,267,1733.8665030983386,8.946181332883889,2.106368802179772,1.878010886819
277,2021-09-20,336,1635547659,117.83457025317499,1298784.9353784542,239,0.0027662037040000003,329,11022.104401008371,63.59957634680119,4.080048813432007,1.891558508294
278,2021-09-21,331,1635548091,327.050323272377,1302459.230301636,226,0.002615740741,297,3982.4428768930147,16.958213685456954,3.241552,1.890089322683
279,2021-09-22,358,1635548534,577.4695469996379,1304169.220511417,200,0.002314814815,273,2258.4207726407353,12.86098928568103,3.0,1.8903032641209998
280,2021-09-23,339,1635548965,123.227468361694,1307338.3190380223,194,0.00224537037,271,10609.14694117348,40.95981694331264,2.9364,1.894211627417
281,2021-09-24,337,1635549406,84.42996633411299,1309749.7213756586,283,0.003275462963,415,15512.85376796925,51.89286063644026,5.0,1.907166645113
282,2021-09-25,352,1635549847,283.649191739631,1311719.4684153188,251,0.002905092593,359,4624.44282097367,16.028698115612567,3.7810543462364263,1.908689582615
283,2021-09-26,297,1635550290,241.827425667669,1313229.0529826512,224,0.002592592593,321,5430.4388733284395,23.640634179154823,5.933498418943313,1.91227411741
284,2021-09-27,269,1635550755,188.517008228662,1314988.763429437,195,0.0022569444440000003,287,6975.438321376391,36.81004790707945,5.646831210153217,1.917749019712
285,2021-09-28,261,1635551197,218.78436330448397,1316645.971739163,192,0.002222222222,289,6018.00764850264,32.71596810773232,3.9850075320174994,1.922516288443
286,2021-09-29,284,1635551655,170.782908602175,1319166.9098599313,201,0.002326388889,281,7724.232598314745,38.10264346658723,5.073414226048229,1.9269587120449998
287,2021-09-30,241,1635552107,72.44318886238001,1327331.8058711446,155,0.0017939814809999999,232,18322.382362166176,109.90917272562426,5.62,1.9343159610210001
288,2021-10-01,323,1635552568,169.560226830076,1329255.7568181977,223,0.002581018519,338,7839.431343473627,34.20647067351976,3.2880657111439513,1.9402141924360001
289,2021-10-02,350,1635553024,147.003014743735,1331303.898197089,182,0.0021064814809999997,253,9056.30337253904,40.84054290767606,4.5,1.9449905807519998
290,2021-10-03,375,1635553491,223.270456144308,1336043.233578641,229,0.0026504629629999998,327,5983.967859657638,27.506396942667294,3.0056561671667272,1.944823392393
291,2021-10-04,274,1635553965,90.77787399192499,1347105.0069329857,200,0.002314814815,281,14839.57431138799,69.4203843191274,4.4625944291080115,1.943334222969
292,2021-10-05,266,1635554440,67.329467505633,1366858.7423372085,156,0.0018055555559999999,226,20301.047861738287,93.24393218626736,3.0094537237261747,1.930666504768
293,2021-10-06,276,1635554909,99.789871262345,1371201.529270566,176,0.002037037037,264,13740.888848986591,59.228992796229605,8.029883442428948,1.935955283021
294,2021-10-07,287,1635555384,64.59572482978001,1373926.8922070928,215,0.002488425926,302,21269.625750428644,112.23445861198832,5.0,1.956785085456
295,2021-10-08,350,1635555870,99.052162839263,1376803.9981316929,183,0.0021180555559999997,234,13899.78733090268,75.87658402303411,5.0,1.9655918892680002
296,2021-10-09,401,1635556356,186.012585033156,1378962.7376849633,187,0.002164351852,241,7413.276566417116,40.03545184255616,4.704229579873061,1.9695117507620001
297,2021-10-10,392,1635556831,194.381738960158,1380645.472274779,237,0.0027430555560000003,348,7102.752962600901,27.832604125948453,2.460914918742354,1.9741266796599999
298,2021-10-11,317,1635557312,327.350860515479,1385987.3616656503,163,0.001886574074,228,4233.950567544373,23.70353172449428,4.786081633665923,1.970417294369
299,2021-10-12,326,1635557803,271.041584747246,1389295.4924748612,189,0.0021875,264,5125.765087930769,22.633500235932207,4.496214974492092,1.9700263378740002
300,2021-10-13,315,1635558301,364.530118601573,1390536.0202039154,184,0.00212962963,249,3814.598435757111,20.931937957161445,5.0,1.972017066781
301,2021-10-14,276,1635558812,196.92385110320998,1391942.5809073437,167,0.0019328703699999998,246,7068.430629958621,33.50367103254545,3.848989967975972,1.975945491299
302,2021-10-15,231,1635559305,392.071714031003,1393548.608480614,143,0.001655092593,215,3554.320698509816,23.456175545476142,4.750324281651423,1.977287141521
303,2021-10-16,312,1635559805,97.75286258643,1395826.3866724113,179,0.002071759259,273,14279.135666623233,74.69375293712194,3.497719687941728,1.9886693400330002
304,2021-10-17,345,1635560310,200.38667969368697,1398127.2054867507,198,0.002291666667,277,6977.146423225044,34.601863065431075,5.0,1.992252095748
305,2021-10-18,313,1635560817,508.58958658571,1400649.0997635021,182,0.0021064814809999997,264,2753.9869802809235,13.156185944113473,3.469375,1.9911447405450002
306,2021-10-19,372,1635561332,89.20100122215901,1404189.9469193518,246,0.0028472222220000004,363,15741.863069699846,101.17578596974035,2.6147813335639705,2.012278968988
307,2021-10-20,335,1635561852,139.755275679426,1406646.8633277107,200,0.002314814815,270,10065.071651064649,55.00399025699901,4.067584831000843,2.0193220132730003
308,2021-10-21,317,1635562376,155.244716197231,1409207.58524595,228,0.002638888889,335,9077.330422348292,31.53114258120901,5.933159826622568,2.023148284634
309,2021-10-22,290,1635562890,78.072012409857,1411079.9147871938,204,0.002361111111,293,18074.081495163766,137.06528263685905,4.0,2.048924377917
310,2021-10-23,328,1635563407,398.119122208893,1412922.6444869908,193,0.002233796296,275,3548.994674376957,18.436894978413264,4.3221009035266675,2.049840586827
311,2021-10-24,314,1635563936,73.467218579524,1415012.7706599997,159,0.0018402777780000001,242,19260.464708192707,129.1788627846431,4.281519929533046,2.06890533302
312,2021-10-25,297,1635564469,170.154217835214,1417129.7419543767,184,0.00212962963,281,8328.501990628272,54.044141059995845,2.65,2.076531021845
313,2021-10-26,260,1635565002,166.678915593501,1418692.5360616178,472,0.005462962963,554,8511.529673744384,22.61625499931896,1e-18,2.0830752268709998
314,2021-10-27,234,1635565551,266.35224493458196,1420035.2086369498,506,0.0058564814809999996,565,5331.418208942529,18.97074985234632,1e-18,2.088653670025
315,2021-10-28,198,1635566096,206.566176629791,1421857.3608106193,695,0.008043981481,774,6883.3019229420115,19.77364661280161,1e-18,2.096740949361
316,2021-10-29,218,1635775696,314.727145912546,1425421.2312881646,278,0.003217592593,359,4529.069861943998,21.51587851725176,0.8576375833611783,2.096917519777
317,2021-10-30,204,1635775940,322.264214446536,1426707.6087827086,126,0.001458333333,195,4427.136321148692,50.67763053554485,5.0,2.101953387256
318,2021-10-31,234,1635776202,148.662757871087,1428965.407626754,162,0.001875,236,9612.127664588894,68.18913892410413,4.004524977828703,2.1098939915540003
319,2021-11-01,302,1638376873,83.244299881918,1437664.9138491459,230,0.002662037037,310,17270.430718841744,77.71963422688937,7.42072007400905,2.1138852211140002
320,2021-11-02,261,1638377074,305.913743016683,1439756.418803016,159,0.0018402777780000001,256,4706.413005853407,29.284462816964993,9.12376522978936,2.1160214304269997
321,2021-11-03,263,1638377280,514.511501283051,1441108.1275462927,163,0.001886574074,227,2800.925001584149,19.359101087812768,6.369878,2.117086077311
322,2021-11-04,299,1638377479,70.93625641575301,1445377.5170600887,161,0.0018634259260000001,256,20375.723080011743,97.5933731053907,5.2431,2.128117962219
323,2021-11-05,274,1638377688,456.399985095315,1446680.1502851453,183,0.0021180555559999997,250,3169.7637982679125,18.41630474849901,4.040906014589332,2.129384253889
324,2021-11-06,319,1638377896,632.1259335913829,1449416.810233622,201,0.002326388889,283,2292.924136174661,10.56677538638337,3.6939583956771296,2.127426912737
325,2021-11-07,383,1638378105,182.10250839558998,1451480.477059463,226,0.002615740741,326,7970.678107883834,28.930720441566695,3.0,2.130899997356
326,2021-11-08,296,1638378306,348.39263726212306,1453284.0888631605,179,0.002071759259,271,4171.3972496202305,21.35735003443956,5.127600453528238,2.132238018936
327,2021-11-09,264,1638378509,647.127850308727,1460584.3913721754,161,0.0018634259260000001,218,2257.026012209754,15.347191517468989,5.0007602344473545,2.1238713029269998
328,2021-11-10,262,1638378711,132.899342583663,1463138.0094031577,167,0.0019328703699999998,262,11009.369805438126,46.44532149602854,6.1719444340702605,2.128481338436
329,2021-11-11,248,1638378915,253.580740246943,1464763.854680767,151,0.001747685185,243,5776.321392761713,27.101583814626892,6.018463518795774,2.130614858815
330,2021-11-12,261,1638379121,643.269010659235,1466522.0111432604,191,0.002210648148,294,2279.79583477889,11.975547272432435,2.329438545039882,2.1304613368200003
331,2021-11-13,265,1638379325,802.744333994643,1469588.173818597,169,0.001956018519,246,1830.7051343552728,14.00486194718511,3.0959089414421808,2.1283606496689997
332,2021-11-14,362,1638379526,384.42345644210604,1471409.2754864057,218,0.002523148148,323,3827.574126471133,19.07350232029572,3.0197727552224283,2.129913433221
333,2021-11-15,276,1638379726,227.985793810118,1475799.8422057002,138,0.001597222222,210,6473.209657242277,54.63265438196613,5.0,2.131350843854
334,2021-11-16,262,1638379928,462.98580335546205,1479381.3488738795,171,0.001979166667,243,3195.3060723507133,21.14477623967473,9.907230481372961,2.129664147834
335,2021-11-17,276,1638380136,588.770213618364,1481812.7454626865,157,0.00181712963,234,2516.792988483595,22.06319724116711,3.351724607395304,2.129653842895
336,2021-11-18,289,1638380340,422.022501968853,1483880.320055776,179,0.002071759259,275,3516.1165888858063,18.916831456712956,5.979093983279491,2.13019223569
337,2021-11-19,258,1638380540,26.191519736987,1486924.06608994,176,0.002037037037,258,56771.202321266835,362.4946369816671,5.587808389534207,2.188729086466
338,2021-11-20,333,1638380741,835.2449982103169,1488793.2052001508,194,0.00224537037,272,1782.462880221006,11.18662388432362,2.4925520609166467,2.188024974278
339,2021-11-21,333,1638380941,23.650127704322,1491335.5291216178,217,0.002511574074,323,63058.244241490975,423.1042380550108,2.9181850989412395,2.27593275767
340,2021-11-22,247,1638381143,361.175009657398,1495226.798005362,183,0.0021180555559999997,298,4139.895502248893,25.144404423382078,5.998443,2.275021033907
341,2021-11-23,261,1638381344,58.201449007642005,1497009.1674174906,200,0.002314814815,314,25721.16661942417,92.09245141538709,2.781606821039661,2.291628882665
342,2021-11-24,281,1638381547,26.55839908899,1501554.37800789,216,0.0025,324,56537.83471573611,186.81179237431425,2.1548432197280425,2.325001689935
343,2021-11-25,291,1638381748,220.63993263499802,1502889.893876558,172,0.001990740741,253,6811.504499336355,33.67331067400449,6.082391980702642,2.3286042631979997
344,2021-11-26,293,1638381948,230.40627759929,1503817.1433195034,171,0.001979166667,265,6526.806296201958,34.62493433178808,4.024793300149144,2.333269997076
345,2021-11-27,287,1638382150,404.358478266091,1507397.730117082,139,0.001608796296,194,3727.874673435503,23.86873672113912,4.751675890955095,2.330799553643
346,2021-11-28,264,1638382350,425.987074758775,1508847.0984091365,169,0.001956018519,274,3542.002064883206,25.387901986950865,4.835886461188985,2.333170965684
347,2021-11-29,259,1638382551,319.084001506093,1509936.698837555,158,0.001828703704,260,4732.097791523787,24.608710700748677,4.544125455955115,2.335724742078
348,2021-11-30,261,1638382750,215.01879138741901,1515211.6663463882,153,0.001770833333,232,7046.880212512636,42.147259122828615,4.75,2.334046621414
349,2021-12-01,285,1638407840,241.162587735569,1517892.2258445516,220,0.0025462962959999997,339,6294.061778392,24.71796966027125,2.9797683107064583,2.335445166606
350,2021-12-02,283,1638512853,718.705305977329,1519732.926763405,168,0.001944444444,254,2114.5425171124934,11.620805794575821,2.4606770137546565,2.334558713882
351,2021-12-03,278,1638742612,360.708842610723,1530346.0223558052,180,0.002083333333,314,4242.607448377296,22.12719710006249,4.095441773368435,2.322908436987
352,2021-12-04,285,1638746388,306.131844921666,1532573.3381121666,189,0.0021875,287,5006.252578866235,25.747456498112395,5.687442464283287,2.324354155372
353,2021-12-05,344,1638761130,710.193175722148,1535833.9787849963,182,0.0021064814809999997,271,2162.5580634780254,10.60279958980886,4.472207513812617,2.3212903313699997
354,2021-12-06,288,1638841969,243.609297780509,1537486.8044179748,213,0.002465277778,342,6311.281295196055,30.796543230242445,6.0,2.325645314843
355,2021-12-07,322,1638925245,269.936760284752,1552609.3814352565,167,0.0019328703699999998,237,5751.752298565911,26.84387988834247,2.0,2.3070909049579997
356,2021-12-08,333,1639009042,398.961852445941,1555094.2518625206,200,0.002314814815,296,3897.8519934389838,24.444294003548944,2.4859993621290424,2.308057205914
357,2021-12-09,311,1639098237,526.281994208372,1556658.3454027197,175,0.002025462963,270,2957.8407821917413,15.138028787454541,2.144780930597232,2.308363792396
358,2021-12-10,282,1639181605,311.161441742804,1558712.327447029,166,0.0019212962959999998,255,5009.33637123141,30.648996150664807,4.75,2.3103360333180003
359,2021-12-11,323,1639270086,311.016498207628,1566504.3965831154,183,0.0021180555559999997,283,5036.724436198075,22.381119095224324,2.818856681917842,2.302887320489
360,2021-12-12,318,1639356727,587.465275061762,1568361.0207198393,156,0.0018055555559999999,195,2669.7084700963032,17.316068351420984,3.0,2.302314134314
361,2021-12-13,316,1639484390,300.064587720377,1571376.695874251,202,0.002337962963,288,5236.794877436778,31.579696870245492,5.294897691831074,2.3036835839
362,2021-12-14,284,1639531013,769.461851317269,1572770.4997715007,161,0.0018634259260000001,262,2043.9876221011082,13.383656373568693,3.4775475010192016,2.303871554626
363,2021-12-15,265,1639617390,291.117831208041,1574739.1482395972,196,0.0022685185190000003,316,5409.284418288506,33.290930524868024,6.125664046739884,2.307671816305
364,2021-12-16,276,1639703566,147.614223709207,1577994.856662621,147,0.001701388889,226,10689.991906004918,84.498544827601,4.638171273646196,2.3150125021830004
365,2021-12-17,277,1639789961,324.28402062335897,1579869.4349503056,176,0.002037037037,263,4871.8695170776,27.792344544753245,3.0525523158092294,2.316892223619
366,2021-12-18,318,1639876098,209.61886990277802,1581047.2913083206,165,0.001909722222,250,7542.485521659467,35.228985128364556,2.4309120040247776,2.320736561533
367,2021-12-19,346,1639963161,14.161984020579,1596100.8524899392,200,0.002314814815,299,112703.19541178811,389.55039471733244,2.257942889712544,2.371770170398
368,2021-12-20,299,1640049168,269.05474351286,1597782.5566311092,202,0.002337962963,297,5938.503576521187,38.93305533978503,3.0,2.376463835755
369,2021-12-21,253,1640135696,210.77826986007,1599370.890544306,134,0.001550925926,190,7587.930632536687,62.64782803711762,3.01,2.381477896575
370,2021-12-22,257,1640221651,640.432681250718,1600999.8831433044,132,0.001527777778,185,2499.8722426480003,19.288079913728186,2.3,2.379764565542
371,2021-12-23,319,1640308166,310.618077414914,1602519.5444598445,196,0.0022685185190000003,294,5159.131618470645,26.88804819836308,3.415121441575522,2.382283225728
372,2021-12-24,316,1640395145,81.005987538909,1614829.3277977651,168,0.001944444444,259,19934.69096370335,79.98657800311318,1.859469779985824,2.376895833981
373,2021-12-25,282,1640481275,427.495515645962,1617952.5394245978,149,0.0017245370370000002,197,3784.724003431498,33.32932435197095,1.347079825956348,2.376182785557
374,2021-12-26,339,1640567997,642.687131987581,1619536.0374511022,171,0.001979166667,256,2519.944708465701,15.081261500580109,2.012977654436511,2.376134839817
375,2021-12-27,341,1640653762,677.78127068016,1622115.9864717985,191,0.002210648148,268,2393.273548034145,13.86419464364421,2.2249788680711506,2.37427625304
376,2021-12-28,294,1640740471,300.512349651529,1623675.5836048976,180,0.002083333333,287,5403.024486307128,34.68945501241803,2.5727332004320527,2.378090422975
377,2021-12-29,261,1640827285,58.123475780839,1625583.339960992,153,0.001770833333,235,27967.758605669642,128.68134138619675,3.076584939467116,2.393765584276
